,workload,l3_stall_1,l3_stall_2,l3_stall_3,demand_l2_mlp_1,demand_l2_mlp_2,demand_l2_mlp_3,l3_miss_1,l3_miss_2,l3_miss_3,offcore_load_latency_1,offcore_load_latency_2,offcore_load_latency_3,(l3_miss/mlp)_1,(l3_miss/mlp)_2,(l3_miss/mlp)_3,(lat*l3_miss/mlp)_1,(lat*l3_miss/mlp)_2,(lat*l3_miss/mlp)_3
0,500.perlbench_r,2215856293,5325613127,7204213858,1.181922821,1.166069473,1.234923249,20304781,21691100,17531359,48.92589962,52.00941001,59.41179915,17179447.46,18601893.38,14196314.64,840519921.9,967473499.8,843428594.2
1,502.gcc_r,6377261160,14022188286,20864231714,1.498975442,1.612675682,1.658170386,67361276,69641962,72222906,68.88140976,104.4046813,132.1184149,44938211.86,43184108.73,43555780.88,3095407385,4508623110,5754520729
2,503.bwaves_r,8307300291,15656107858,28046828454,2.377834341,2.496339089,2.5515789,108804942,119084438,134507246,208.7462045,341.245362,534.4216459,45757999.25,47703630.7,52715299.54,9551808668,16278642728,28172197146
3,505.mcf_r,132403839926,276737395506,418883197357,3.238833765,3.589322872,3.63789822,2765095057,3188252570,3004550926,80.5125085,122.3068012,163.8985658,853731700.2,888260177.1,825902965,68736080768,108640260929,135364311423
4,507.cactuBSSN_r,117473722855,207087623893,314639549569,3.231094872,3.286803387,3.262263683,2225892930,2099467209,2152372845,108.7064192,162.2270225,220.0628535,688897422.8,638756555.2,659778930.9,74887572027,103623574039,145192834247
5,508.namd_r,1592465077,3613869854,5219642657,1.404846761,1.406567971,1.394080843,16829835,17849978,16899325,72.38484217,109.0940538,146.1345073,11979836.85,12690448.22,12122198.72,867158599.9,1384452441,1771471536
6,510.parest_r,11518238697,25742176476,35643480525,1.715029561,1.689538928,1.690711392,123530504,131467542,133965963,50.26668661,51.48172594,57.67586489,72028206.87,77812674.13,79236446.66,3620619302,4005930764,4570030592
7,511.povray_r,17404453,25678979,32155795,1.322766655,1.33362952,1.333535229,117090,139168,97049,72.29847604,71.22806969,71.80125452,88519.01393,104352.8191,72775.73019,6399789.808,7432849.871,5225388.727
8,519.lbm_r,4458870706,7650926469,11473235903,1.26054418,1.161160282,1.183826557,15787691,15321333,14168139,136.4142853,170.9167166,213.2083697,12524504.29,13194847.64,11968086.8,1708521301,2255220034,2551696276
9,520.omnetpp_r,395078201651,860645939698,1341205484860,1.434782557,1.500693112,1.537940427,4555638282,4512129197,4529629228,103.0432461,166.4325567,228.7869213,3175141947,3006696814,2945256622,327176932950,500412237760,673836195072
10,521.wrf_r,20780839401,36784899496,57957900755,3.102020957,3.107357503,3.156345527,376281996,380713840,403456339,105.7654652,143.9622642,198.0839423,121302209.5,122520128.3,127823882.3,12829584617,17638275079,25319858524
11,523.xalancbmk_r,24666871853,56721537412,85342691550,1.599075146,1.611655579,1.618997565,272974831,297815020,295147495,54.99444951,73.10371378,89.21645505,170707944.3,184788253.7,182302618.2,9387989423,13508707608,16264393346
12,525.x264_r,2003497028,3899885289,5636595564,1.813002029,1.877814834,1.939229705,22740810,22698623,22958775,116.7320903,185.8109498,243.508698,12543179.57,12087785.54,11839120.94,1464191570,2246042912,2882928925
13,526.blender_r,15011769073,31633937733,51168871063,1.506323721,1.655347872,1.770300725,228513637,224918090,273978281,63.2600255,88.58537382,116.9147885,151702873.6,135873609.3,154763694.8,9596727650,12036414475,18094164635
14,527.cam4_r,11962187186,23803907637,36214660136,2.887805656,2.756697184,2.973943781,190556224,213609833,207379261,65.67377092,72.71454577,98.95530053,65986512.5,77487594.3,69732071.71,4333583105,5634475223,6900358113
15,531.deepsjeng_r,50367309161,99334205705,141500397978,1.295238418,1.315639784,1.313768104,435212964,436524401,435257889,136.9119256,220.2519251,292.3421944,336009925.4,331796291.4,331304959.9,46003765899,73078771916,96854418995
16,538.imagick_r,530335573,940436812,1286826271,2.253119208,2.43449016,2.438866719,2225003,1968025,1766688,53.24575475,60.12235266,67.17713399,987521.2069,808393.0805,724388.9083,52581311.99,48602493.88,48662370.75
17,541.leela_r,659920300,1242464678,2047049192,2.383904753,2.50693686,2.271173102,5284968,6171240,6151202,52.27292372,51.71895657,61.4666898,2216937.566,2461665.508,2708380.966,115885808.3,127314771.5,166475212.7
18,544.nab_r,2065476837,4338354637,6378970010,1.147127888,1.138666811,1.13892689,14201159,14518440,13844156,95.53737237,160.7082941,215.5647341,12379752.2,12750384.8,12155438.7,1182728996,2049092590,2620283911
19,548.exchange2_r,1629347,2446371,2894633,1.295951318,1.419960851,1.266454775,14121,18581,9984,84.30742487,64.12913509,81.26002066,10896.24263,13085.57203,7883.424026,918634.1572,839166.4166,640607.1992
20,549.fotonik3d_r,270312606853,532980292168,854108486092,3.349605149,3.535231188,3.504281747,6281604563,6832781828,6909856002,177.9596989,289.6794685,423.0375389,1875326877,1932768033,1971832319,333732606357,559883216359,834159091192
21,554.roms_r,88355074290,176978243911,277198220671,2.00223955,2.037494092,1.999101138,1051197225,1095974026,1147374365,122.3798516,198.088125,273.8340323,525010718.6,537902922.2,573945131.3,64250733851,106552181285,157165709615
22,557.xz_r,76378981236,148633097315,209251313817,1.232670016,1.225325993,1.242269086,338014119,336378433,339969393,92.0337947,136.9084689,177.0991506,274212980.3,274521584.3,273668078,25236861138,37584329788,48466384163
23,600.perlbench_s,2105061133,4607500275,7592312584,1.181022461,1.210091745,1.188870432,17312254,15919532,18071052,47.49001271,53.71589452,60.98651338,14658700.04,13155640.53,15200186.25,696141851.5,706666999,927006362.1
24,602.gcc_s,51370773147,107703726082,161492523609,1.352607125,1.37104365,1.372405622,394444353,419983448,449536149,80.42154858,119.6032431,158.3514017,291617828.8,306323907.3,327553415.6,23452357383,36637332769,51868542503
25,603.bwaves_s,274164912251,651422569919,1874052943509,2.070801979,2.054705603,1.883304528,1712997264,2113268818,2916639077,331.9611065,594.4135602,1103.6914,827214422.8,1028501998,1548681604,274603015059,611355534150,1709266568329
26,605.mcf_s,330114459054,618814688969,953603017808,3.444585215,3.664536896,3.73812946,6203865275,6551078650,6655422076,73.3682622,95.77011355,124.1308588,1801048570,1787696191,1780415084,132139803706,171207867166,221004453420
27,607.cactuBSSN_s,1734886721925,3208654829372,5443814421441,4.148337468,4.636744031,4.808362555,47713130365,47289449285,47504347556,209.7686759,371.5820342,599.0465703,11501747564,10198848365,9879526973,2412706356995,3789708821678,5918296749522
28,619.lbm_s,287923329785,502338362499,1078923700497,1.290333817,1.273232015,1.291789,548656975,609642403,686550248,404.1971525,579.1524653,1048.456466,425205452.9,478814855.1,531472437.2,171866833281,277306803755,557225713074
29,620.omnetpp_s,398627507044,856892976711,1319894847153,1.435535303,1.506708838,1.533913227,4543379498,4493739764,4526850990,102.3990663,167.0416631,225.0051851,3164937489,2982487161,2951178013,324086643849,498199615540,664030355234
30,621.wrf_s,146003852577,272009026145,572926197499,3.163452146,3.102824558,3.023368737,1617478243,1674829931,1710532369,201.6609635,248.8097223,360.538709,511301631.4,539775904,565770343.5,103109579604,134301492812,203982109217
31,623.xalancbmk_s,24932933795,56073090021,84470014206,1.595418012,1.604409775,1.623020384,277554968,287487155,293313824,54.98892526,72.04265707,88.84298276,173970060.4,179185616.8,180720973.6,9566426650,12909007939,16055790342
32,625.x264_s,2106637109,3714086933,5686042546,1.854402276,1.840489692,1.858103676,24239383,22092194,22438855,114.7351703,170.1323154,231.8136389,13071264.69,12003432.62,12076212.59,1499733781,2042171784,2799430784
33,627.cam4_s,188180049849,369645367680,692029037833,2.933914165,3.194679486,3.409582359,3263913989,3275257123,3261614823,187.5396744,329.7924491,593.1338905,1112477668,1025222448,956602445.7,208633699661,338110621962,567393330248
34,628.pop2_s,193334935299,379763078239,638381818854,2.156717927,2.312474688,2.218518478,2885002442,3236429005,3406096887,121.2113654,188.1712973,266.210374,1337681857,1399552186,1535302464,162142244473,263355550551,408713443315
35,631.deepsjeng_s,90631409863,177773734944,259168707571,1.204819336,1.205815589,1.199974005,517569189,516677702,515232296,166.5181613,277.7958358,378.7433352,429582405.7,428488159.1,429369547.7,71533272317,119032226284,162620854528
36,638.imagick_s,79208935213,144961994498,241001744836,1.624624652,1.830314422,2.002412433,350091362,344112076,359087027,118.6841315,166.8781276,228.5984371,215490613,188007083.3,179327206.1,25575316252,31374270036,40993919028
37,641.leela_s,727782915,1366870023,1825883575,2.5876415,2.485629577,2.510985122,5943480,5275098,5417305,50.50228919,58.61420163,63.86260531,2296871.495,2122238.184,2157442.094,115997268.5,124393296.8,137779872.9
38,644.nab_s,27172940754,55992560886,85990806747,1.191162026,1.148589719,1.14296217,178481636,176576115,178252608,75.8803339,106.9091669,132.2526359,149838252.1,153732975.4,155956699.8,11369776599,16435464326,20625684631
39,648.exchange2_s,2415798,1634160,2948700,1.28220047,1.292553706,1.306458285,19022,12681,11435,78.24670324,78.61329957,86.32009601,14835.43365,9810.810908,8752.671352,1160823.774,771260.2169,755531.4314
40,649.fotonik3d_s,1507263151582,3051690762506,6469278874184,2.221298523,2.21197657,2.087661864,12359311346,13054876793,15438286945,287.7870485,502.9104705,828.6591643,5564002864,5901905550,7395013155,1601247961871,2968130097219,6127945421273
41,654.roms_s,2330111414333,3767464145665,7727003413357,2.077060495,2.080021091,2.032719216,13244589147,14373547905,15126439335,272.1241982,397.7037092,707.931647,6376602502,6910289500,7441479974,1735227843135,2748247765800,5268059174248
42,657.xz_s,519808992507,1004690158427,1452479677239,1.172688984,1.193687013,1.20998408,2776075993,2783444712,2792386678,124.7278411,196.1753013,261.943418,2367273874,2331804469,2307787949,295264959569,457442444142,604509863475
43,bc-kron,4141876721755,6238185055642,9653625141374,3.88352755,4.632380685,5.120876288,62947578673,60443761278,59509294773,130.7614062,212.4950621,337.9158735,16208866259,13048098892,11620920215,2119494145733,2772656584143,3926893405660
44,bc-road,259402038665,466810857908,701330708217,2.243385477,2.268533877,2.248963892,1519580736,1455821385,1448301006,99.04554796,116.2284249,133.9718149,677360512.4,641745490.1,643985886.7,67089543113,74589067478,86275958032
45,bc-twitter,2583357908720,4198282283315,6805189431602,3.674730077,4.192065549,4.549824424,37320382887,36608468935,36316938222,150.7550391,245.169006,395.9504172,10155952168,8732799739,7982052676,1531060966265,2141011831728,3160497087007
46,bc-urand,1576214355459,2403320896267,3773235740179,3.684964584,4.352890135,4.755490367,25424973558,25166586568,25025513473,145.290714,238.9500531,382.7163003,6899652080,5781580923,5262446466,1002455376831,1381509068638,2014024042069
47,bc-web,810766552702,1482241954564,2379302075473,1.708370901,1.75978974,1.778916559,6212524830,6189765446,6167063154,150.5919536,225.7268874,321.542221,3636519930,3517332386,3466752346,547630640460,793956491467,1114707248994
48,bfs-kron,577985247010,1066182458863,1816232078865,2.614414662,2.826605602,3.004960113,5233936764,5137677121,4979145142,104.635801,159.7227186,244.4406034,2001953569,1817613719,1656975452,209476015188,290314204610,405032079372
49,bfs-road,146438576886,284424705988,456312823427,1.894985836,1.921613818,1.901546601,765849368,755123785,757202859,95.84124314,115.4057643,136.7779952,404145167.4,392963340.4,398203682.4,38733775258,45350234658,54465501352
50,bfs-twitter,593892876488,1071046425222,1862711680126,2.3739187,2.506935058,2.562455249,4795595711,4695737302,4725270396,87.66885526,127.2280617,184.8506847,2020117922,1873098901,1844040163,177101425731,238310742473,340872086811
51,bfs-urand,515323799993,958225800592,1590282406952,3.198404254,3.063321188,2.917489379,3214272459,3451245687,3325191016,63.19372294,79.89412323,102.0609347,1004961288,1126635268,1139744000,63507245203,90011536928,116323337962
52,bfs-web,225588040565,443851210231,791452569286,1.597869361,1.635159243,1.652853447,1672930617,1734339648,1728854420,174.4571581,281.0317355,456.3782969,1046975840,1060654890,1045981677,182652429738,298077684618,477363336237
53,blackscholes,721179140,2265152662,3961689328,1.286963667,1.263337907,1.241830289,6887376,10421015,10526334,126.7049691,215.8858226,313.8537019,5351647.584,8248794.674,8476467.434,678080341.9,1780797824,2660370683
54,bodytrack,212419574,385210256,561846456,1.886319086,2.058394778,2.041264261,1199458,1345309,1279834,73.7171692,94.54626022,106.3331208,635872.2703,653571.9067,626981.0453,46874703.74,61792779.56,66668851.21
55,canneal,127386754939,262343936757,399064611656,1.09547679,1.096331901,1.097279474,918572580,919740205,920685475,109.8198949,178.7538017,249.6009735,838513959.1,838924967.8,839061968.4,92085514844,149961027304,209430684119
56,cc-kron,444163514980,819111503119,1258208350052,1.389460783,1.450625664,1.488007533,2702417388,2652420908,2632931480,117.5362566,184.582783,262.8428925,1944939664,1828466830,1769434241,228600927542,337503495928,465083213952
57,cc-road,217580512594,431969656590,795639012764,1.343901164,1.396115764,1.437330961,1557307125,1573862969,1606455459,162.575216,254.860265,401.873637,1158795875,1127315520,1117665662,188391489574,287307932237,449160364330
58,cc-twitter,933273540782,1717426824868,2745124016871,1.618562718,1.728522941,1.801030907,7311621761,7287854591,7262706855,139.8762849,227.421147,341.0304622,4517354614,4216232493,4032527608,631870780775,958860429434,1375214753732
59,cc-urand,958903729863,1900039441589,2932469446904,1.334436874,1.310398275,1.313286909,5393689496,5625735234,5679165672,96.91778588,149.3310846,211.4692911,4041921804,4293149146,4324390683,391734111985,641100618164,914475832186
60,cc-web,687078433692,1356961478075,2548120973906,1.985775425,2.129781022,2.207201536,7431767898,7655387670,7816923117,193.9783342,335.5932536,576.8977081,3742501697,3594448252,3541553859,725964244844,1206272583458,2043114304644
61,dedup,469128740,524968907,948466483,2.040166309,1.774380454,1.901742571,2568875,1830234,2382860,110.9189792,132.3700724,142.9889977,1259149.8,1031477.774,1252987.674,139663610.5,136536787.5,179163451.6
62,facesim,43320742866,92489837307,142755070360,1.084739513,1.088351427,1.088141147,357540133,353511850,343099866,102.4755842,159.9139107,226.1175496,329609209.3,324814063.8,315308236.4,33776896270,51942287199,71296725784
63,ferret,67054029038,132052776658,206323986187,1.047400467,1.041588082,1.040102452,445179222,439019645,452731678,121.5806705,201.4164244,280.3294052,425032483.8,421490656.9,435276041.5,51675734347,84895141016,122020673834
64,fluidanimate,51812594583,99456175224,145559011597,1.113563526,1.178129389,1.159684146,403913220,406735456,418810308,146.6021486,245.9559435,328.4152502,362721309.2,345238358.2,361141703.3,53175723253,84913426134,118604442852
65,freqmine,7758560243,15698670703,22492618696,1.105564163,1.136705385,1.098390429,50997826,52824743,55044263,108.0709675,156.8940717,213.7785505,46128327.7,46471797.99,50113567.58,4985133004,7291149604,10713205837
66,gpt_2_124M_unconditional,204763155956,390873695700,632874109186,4.518159857,4.916487398,5.060671667,5703029316,5540584422,5388334900,178.9335506,316.8092302,505.9079942,1262246024,1126939616,1064746985,225858162844,357024872323,538664011509
67,gpt_2_1558M_unconditional,2154317053156,3962083583080,6403463491416,4.217156308,4.703644734,5.045501398,49352880628,52144261148,53173444232,207.8939004,353.7229112,555.2116453,11702881520,11085926786,10538782976,2432957685068,3921346295755,5851255035546
68,gpt_2_355M_unconditional,534422398464,1005540410240,1627656565728,4.118904652,4.548193205,4.916470026,11468349730,11889085388,12223813092,191.1839398,331.5108307,524.6831676,2784320274,2614023823,2486298712,532317319679,866577209058,1304519083823
69,gpt_2_774M_unconditional,1140929639089,2120045077092,3457834262001,4.222348959,4.681269669,5.012623154,26712515945,27337856404,27693429512,199.3621169,344.5920549,547.0621556,6326458615,5839837979,5524737978,1261256181903,2012361769201,3022375067716
70,pr-kron,2248552292122,2692302291025,4210753733324,5.92386437,8.289335626,9.552667199,51296763017,52325018951,53518026329,124.2994726,201.3715472,348.0188469,8659341237,6312329638,5602417128,1076351549028,1271123585363,1949746748521
71,pr-road,72281319332,154754526521,332607706348,1.545453716,1.616128213,1.660948224,800383407,777589014,811212251,184.2210164,299.0021401,522.9173373,517895423.6,481143146.8,488403093.7,95407221314,143862830576,255394445326
72,pr-twitter,3584761299509,5080388432574,8318271811456,5.767054095,7.23135406,7.935354422,90593480285,91997158177,92679813978,131.0930772,213.7837145,358.7761386,15708796690,12721982275,11679354071,2059314497201,2719752626904,4190273555047
73,pr-urand,2176722666860,2936755000913,5013991655542,7.662493528,9.962818866,10.64294422,67296324032,69433094073,69796950610,174.4476496,292.1107059,510.4335465,8782561941,6969221764,6558049085,1532097288073,2035784289376,3347448252183
74,pr-web,83089798227,159447036614,337055267266,2.904429353,3.036442486,3.083916435,1443358747,1481153689,1509884135,119.7364601,179.1038833,306.6581866,496950888.3,487792439.9,489599561.8,59503140226,87365520257,150139713785
75,raytrace,842510838,1720985240,2611955202,1.113873655,1.217371673,1.11455456,6435556,6282897,6554372,96.78413085,141.7009423,184.8538193,5777635.525,5161034.335,5880709.866,559183432.7,731323428.4,1087071679
76,sssp-kron,1398694484908,1992656789294,3156929585342,4.446341981,5.424946106,5.935115288,22501818239,21824829174,21593812259,125.6576503,202.8316175,330.5166957,5060748439,4023049952,3638313868,635921757615,816001728942,1202523477586
77,sssp-road,7299870278,15417723961,27679889886,1.152927168,1.166890682,1.178229965,89402694,97499130,99859182,206.070786,208.7015848,214.4089878,77544095.14,83554639.24,84753558.25,15979572632,17437985631,18171924632
78,sssp-twitter,3429382756338,5512797334062,9088294703326,4.148337584,4.6798259,5.010272581,50650566075,49963604227,49352263306,150.7420843,247.6115999,406.3072815,12209846726,10676380980,9850215234,1840537743916,2643595775552,4002214174078
79,sssp-urand,2054702098361,3081304490737,4933020408965,3.974035046,4.779100515,5.20569704,31851099661,30468465959,29974745486,153.0920173,254.3955419,414.7451538,8014800898,6375355753,5758065684,1227002037971,1621862081415,2388129837592
80,sssp-web,1629026370518,2940535190399,4680588500131,1.940950717,2.033616236,2.096128691,11661278765,11541695779,11475079658,132.5338744,215.3026076,324.8163398,6008024142,5675454186,5474415625,796266716859,1221940085213,1778179646053
81,streamcluster,280478886944,565120265146,859719326392,1.004492752,1.004738733,1.00499911,1834627555,1827644465,1809789636,131.2612411,222.8324797,317.7425083,1826421894,1819024594,1800787301,239738404517,405337760824,572186674099
82,swaptions,1111330,2095351,2747166,1.338879526,1.342249899,1.448400114,7800,10431,9809,84.79265244,84.69302685,66.80774913,5825.76688,7771.280151,6772.299938,493982.2262,658173.2385,452442.1153
83,tc-kron,1485648812947,2817847630506,4883793168042,1.667919045,1.693105064,1.648820522,9422538776,9320303056,9194561530,163.792646,279.3522994,445.8190966,5649278245,5504858058,5576447775,925310231520,1537794756309,2486086909328
84,tc-road,410575200362,855887208429,1382548292040,1.545131737,1.609551012,1.634568602,2750115610,2727541807,2694582183,115.5764588,174.0397981,241.8841365,1779858340,1694597926,1648497456,205709724167,294927480909,398745383706
85,tc-twitter,400914684724,771139445602,1228246795703,1.649458715,1.692978868,1.690330769,2824124545,2882880570,2850703258,148.6285513,253.5889026,379.4631965,1712152308,1702844982,1686476582,254474717218,431822590292,639955794567
86,tc-urand,2127505825673,4073000470427,6222728778378,1.423774401,1.47860596,1.506476048,9369925040,9243893360,9099578591,153.0581615,264.9458172,389.9815913,6581046152,6251762544,6040307512,1007282825110,1656378335905,2355608735497
87,tc-web,99422657460,195824575470,301847930285,1.408783065,1.408436793,1.389469422,629825449,620079315,609456034,122.8619509,193.6966512,271.3887115,447070570.9,440260662.2,438625006.4,54927962534,85277015933,119037875323
88,vips,399941284,719718481,987684085,1.430379195,1.451831069,1.780548785,2175998,2428566,2497229,64.49564814,69.9738875,87.61253364,1521273.525,1672760.731,1402505.239,98115522,117049571.2,122877037.4
89,workloada,35051999242,65895482949,95190058921,1.460966839,1.400828945,1.3792255,199964519,210117773,207457231,82.43698211,112.6996854,144.4019293,136871360.5,149995310.8,150415745,11283261900,16904424343,21720323768
90,workloadb,45189760645,83997992490,122167263573,1.44800165,1.402761024,1.346785489,287814892,297423263,273464030,90.47788894,128.0928357,157.2651531,198766964.2,212027036.6,203049433.1,17984015310,27159144370,31932600166
91,workloadc,43338742808,83210695229,123063013523,1.472022307,1.354178275,1.31805036,271672696,277746543,281758576,89.74927548,119.6853635,151.1866286,184557458.6,205103381.3,213769203.8,16563898198,24547872740,32319045224
92,workloadd,49535492584,92477787827,135343537334,1.437633939,1.413717102,1.349731454,299801050,307920201,307028259,89.17441772,126.4534627,156.8149481,208537821.7,217808924.1,227473589.8,18596238825,27542692659,35671259173
93,workloade,281969439631,533042303198,824783059453,1.376564966,1.353035484,1.306647205,1723328963,1733146042,1771171723,93.3114908,137.6495769,183.0969965,1251905290,1280931700,1355508753,116817148936,176319706459,248189581301
94,workloadf,55585120061,104029403378,147715845668,1.505361659,1.392751254,1.3536888,347571354,365826431,330469281,89.06856018,115.0717837,139.6805949,230888937.4,262664585.7,244125001.9,20564945221,30225282388,34099525492
95,x264,10395963170,19165665546,30604866626,3.277921137,3.462059253,3.636312903,151030420,150656343,149439841,99.79235929,148.8976025,215.8547663,46075062.11,43516396.45,41096529.64,4597939152,6479487102,8870881800